,Day,LLM Description
0,Monday,"Paraphrase the content
The New York City Subway System operates with a standard schedule on a typical Monday, with varying service patterns and ridership trends. Here's a breakdown:

**Service on a Typical Monday**

* The subway runs 24/7, but service frequency varies throughout the day.
* Peak hours (morning and evening rush hours) have the highest train frequency, with trains running every 2-5 minutes on busy lines.
* Midday and late-night service is less frequent, with trains running every 10-15 minutes on most lines after 10 PM.
* Late-night service (after 11 PM) is reduced compared to other weekdays, with some lines operating with fewer trains or alternate routing.

**Rush Hour Adjustments**

* Morning rush (6:30-9:30 AM): Trains are more frequent, especially on lines serving Manhattan's business districts.
* Evening rush (4:00-7:00 PM): Similar frequency to morning rush, with higher demand in outer boroughs as commuters return home.

**Service Alerts**

* Mondays may occasionally have construction or service disruptions, but these are not typical unless announced in advance.

**Ridership on a Typical Monday**

* Peak ridership: Morning rush hour is the busiest time, with commuters heading to Manhattan for work. Evening rush hour also sees high ridership as people return home.
* Midday ridership is lower but still significant, especially on lines serving schools, hospitals, or commercial hubs.
* Mondays are often the busiest weekday for subway ridership, with daily ridership averaging 3.5-4 million (a significant drop from pre-pandemic levels of 5.5 million).

**Key Lines and Stations**

* Heavily used lines: 4/5/6 (Manhattan), 7 (Queens), 3/4/5 (Brooklyn), 2/3 (Manhattan), and the A/C/E (Lower Manhattan).
* Crowded stations: Times Square, Grand Central, 42nd Street, and Penn Station during rush hours.

**Summary**

On a typical Monday, the NYC Subway operates with standard service patterns, but rush hours are the most crowded due to commuters returning to work. While Mondays are often the busiest weekday for ridership, this can vary based on events, weather, and seasonal trends. The MTA continuously adjusts service to meet demand, but late-night and midday service remains less frequent than during peak hours."
1,Tuesday,"Paraphrased content.
The New York City Subway System operates with standard service schedules and moderate to high ridership on a typical Tuesday, reflecting its critical role in the city's transportation infrastructure. Here's a detailed breakdown:

### **Service Operations**
1. **Operating Hours**: 
   - Most subway lines operate from approximately **5:30 AM to midnight**, with some lines extending service slightly beyond midnight on certain routes.
   - Service is typically **24/7** on weekdays, though some late-night service may be reduced or suspended during holidays or special events.

2. **Frequency**:
   - **Peak Hours (Morning: 7:00–9:00 AM; Evening: 5:00–7:00 PM)**: Trains run frequently, often **every 2–5 minutes**, depending on the line and direction.
   - **Off-Peak Hours**: Trains may run less frequently, with intervals of **10–15 minutes**, especially on outer-borough lines or during midday.

3. **Line Variability**:
   - **Manhattan Lines** (e.g., 4/5/6, 7, 1/2/3) and **commuter lines** (e.g., 7, 34, 63) see higher service frequency and ridership due to their role in connecting to business hubs and airports.
   - **Outer-Borough Lines** (e.g., 3/4/5 in Brooklyn, 7 in Queens) may have less frequent service during off-peak times but remain essential for local and regional travel.

4. **Reliability**:
   - Service is generally reliable, though delays can occur due to mechanical issues, signal failures, or maintenance.

---

### **Ridership Patterns**
1. **Daily Ridership**:
   - Pre-pandemic, the subway carried an average of **5–6 million riders per day** on weekdays.
   - On a typical Tuesday, ridership is **slightly lower than Monday** but **higher than weekends**, reflecting mid-week work and school commutes.

2. **Peak vs. Off-Peak**:
   - **Morning Rush (7:00–9:00 AM)**: Crowded trains and stations, especially on lines serving Manhattan’s financial district and residential areas.
   - **Evening Rush (5:00–7:00 PM)**: Similar congestion as morning rush, with lines like the 4/5/6, 7, and 1/2/3 experiencing high demand.
   - **Midday and Late Night**: Reduced crowding, though some lines (e.g., those connecting to airports or major hubs) remain busy.

3. **Demographics**:
   - Commuters, students, and shoppers dominate ridership.
   - Lines like the **L (8th Avenue)** and **J/Z** in Brooklyn and Queens are popular for local travel, while the **7 train** and **PATH** (though not a subway line) handle intercity traffic.

4. **Seasonal Variations**:
   - Ridership may dip slightly during summer months due to tourism shifts, but Tuesdays remain consistently busy as a workday.

---

### **Key Considerations**
- **Transfers and Congestion**: Major transfer hubs experience the highest congestion during rush hours.
- **Service Alerts**: The MTA provides real-time updates via the [MTA website](https://new.mta.info/) or apps.
- **Environmental Factors**: Weather can temporarily affect ridership and service.

---

### **Conclusion**
On a typical Tuesday, the NYC Subway operates with reliable, routine service, serving millions of riders daily. While peak hours are crowded, the system remains a vital artery for the city’s workforce and residents, with service patterns reflecting the rhythm of urban life. Ridership is moderate compared to Mondays and Fridays but remains significantly higher than on weekends."
2,Wednesday,"Paraphrase
The New York City Subway System operates under its standard weekday schedule on a typical Wednesday, influenced by the time of day, local events, and broader trends. Here's a breakdown:

**Service on a Typical Wednesday**

- **Operating Hours**: Most lines run from approximately 5:30 AM to midnight, with full service during the day and reduced late-night service.
- **Service Disruptions**: While the system generally runs smoothly, construction, signal failures, or weather can cause delays or detours.
- **Special Considerations**: No major events are assumed to impact service.

**Ridership on a Typical Wednesday**

- **Daily Ridership**: The subway averaged about 5.5 million daily riders on weekdays before the pandemic, but post-pandemic ridership has dropped to around 2.5-3.5 million daily riders.
- **Peak vs. Off-Peak Hours**: The highest ridership is during morning and evening rush hours, with moderate ridership during midday and substantially lower ridership during late night.
- **Geographic Variations**: Manhattan has the highest ridership, especially on lines like the 4/5/6, 7, and A/C/E, while the outer boroughs have lower ridership during off-peak hours.
- **Factors Affecting Ridership**: Weather, remote work, fares, and alternatives can affect ridership.

**Key Takeaways**

- The subway is a vital artery for NYC, with millions of daily riders even on a typical Wednesday.
- Service is heavily dependent on the time of day, with peak hours offering the most frequent and crowded service.
- Post-pandemic ridership remains below pre-2020 levels, though the system continues to serve the city's transportation needs."
3,Thursday,"Paraphrased content. 
The New York City Subway System operates on its standard service patterns and ridership levels on a typical Thursday, reflecting the city's daily commute rhythms and urban dynamics. Here's a breakdown of service and ridership:

### Service Patterns
1. Operating Hours:  
   - The subway runs 24/7, with varying service frequencies by time of day and line.  
   - Peak hours (morning and evening rush): Trains run every 2-5 minutes on most lines during morning (7-9 am) and evening (5-8 pm) rush hours.  
   - Off-peak hours: Service intervals stretch to 5-10 minutes during midday and late-night periods.  
   - Late night: Reduced service continues until 1:30-2:30 am on most lines, with some ""Night Owl"" service on key lines until 1:30 am.  

2. Line-specific service:  
   - Major lines like the 4/5/6, 1/2/3, and 7 maintain high-frequency service during rush hours.  
   - Outer-borough lines may have less frequent service during off-peak times.  

3. Weekday consistency:  
   - Thursdays follow the same service schedule as other weekdays, with no special adjustments unless there are construction delays or special events.  

### Ridership Trends
1. Peak commuter traffic:  
   - Morning rush (7-9 am): High ridership as workers and students commute into Manhattan. Lines like the 4/5/6, 1/2/3, and 7 are the most crowded.  
   - Evening rush (5-8 pm): Similar high ridership as commuters return home. Some lines may see slightly higher evening traffic on Thursdays due to social activities.  

2. Midday and late night:  
   - Midday (10 am-4 pm): Ridership declines, with fewer commuters and more leisure travelers.  
   - Late night (10 pm-1:30 am): Minimal ridership, with only essential travelers or late-night workers using the subway.  

3. Comparisons to other weekdays:  
   - Thursdays typically have slightly lower ridership than Mondays and Fridays, as some workers may take midweek days off or travel less frequently.  
   - Pre-pandemic data: The subway averaged 5.5 million daily riders, with Thursdays reflecting midweek patterns. Post-pandemic, ridership has declined significantly, with weekday ridership hovering around 1.5-2 million due to remote work and safety concerns.  

### Key considerations
- Reliability: The subway is generally reliable, though delays can occur due to signal failures, equipment issues, or overcrowding during peak hours.  
- Impact of events: Thursdays may see increased ridership near venues hosting sports events, theater performances, or conventions, depending on the week.  
- Tourist activity: While lower than weekends, Thursday ridership may include tourists exploring Manhattan or attending cultural events.  

In summary, a typical Thursday mirrors the subway's weekday rhythm: bustling during rush hours, quieter midday, and minimal late-night service, with service patterns and ridership aligned with the city's commuter needs and urban lifestyle."
4,Friday,"Paraphrase the given content.
The New York City Subway operates 24/7 on Fridays, with service frequency varying throughout the day. Here's a breakdown of service and ridership dynamics:

### **Service Overview**
- **Continuous Operation**: The subway runs without scheduled shutdowns, with service frequency adjusted throughout the day.
- **Peak Hours**: Trains are most frequent during morning and evening commutes, with slight increases in frequency during evening service on Fridays.
- **Late-Night Service**: Trains continue to run after midnight, with reduced but consistent service to support nightlife and late-night travel.

### **Ridership Patterns**
- **Higher Than Weekdays**: Friday ridership typically exceeds that of other weekdays, reaching **5-6 million passengers** (pre-pandemic levels).
- **Dual Peaks**: 
  - **Morning Rush**: Commuters heading to work or downtown destinations.
  - **Evening Rush**: A pronounced surge as people leave work for social activities, dining, and nightlife.
- **Late-Night Surge**: Increased ridership between 10 PM and 2 AM, driven by nightlife and weekend travel.

### **Key Influences**
- **Weekend Transition**: Friday marks the start of the weekend, prompting more leisure travel and socializing.
- **Event-Driven Traffic**: Major events can temporarily spike ridership.
- **System Reliability**: The MTA has prioritized improving service reliability and safety post-pandemic.

### **Notable Lines**
- **Financial District/Manhattan Lines**: 4/5/6, 7 (to Queens), and 3/4/5 lines experience heavy use during the day and evening.
- **Brooklyn/Queens Lines**: 2/3, 7, and A/C/E lines see increased traffic for nightlife and weekend travel.

The NYC Subway on a typical Friday serves as a critical artery for both commuting and socializing, with service adapted to meet the dual demands of work and leisure. Ridership peaks during morning and evening commutes, with a distinct late-night surge reflecting the city’s vibrant nightlife. The subway system plays a vital role in connecting workers to weekend destinations and supporting the city’s nightlife."
5,Saturday,"Paraphrased content
The New York City Subway System operates with a distinct service pattern and ridership profile on Saturdays compared to weekdays. Here's an overview of the typical Saturday operations:

### **Service Patterns on Saturdays**
1. **Reduced Frequencies**: 
   - Trains run less frequently, often every 10–15 minutes, instead of every 5 minutes during off-peak hours.
   - Some lines, like the 4/5/6, have limited service on weekends.
   - The 7 train typically runs its full route to Flushing, Queens, on weekends.

2. **Adjusted Schedules**: 
   - First trains start around 5:00–6:00 AM, similar to weekdays.
   - Last trains run until midnight or later, with some lines extending service slightly beyond weekday hours.
   - Express trains may operate less frequently or not at all during off-peak times.

3. **Special Service Changes**: 
   - The 3 train may have limited service or alternate routing on weekends.
   - Certain lines (e.g., the A/C/E, 2/3, 4/5/6) might have split services or reduced stops to manage lower demand.

---

### **Ridership Trends on Saturdays**
1. **Overall Volume**: 
   - Ridership is typically 30–40% lower than weekdays, though this varies by line and time of day.
   - Peak hours may see ridership closer to weekday levels, driven by commuters, events, or shopping.

2. **Peak Times**: 
   - Morning Rush: Commuters heading to work or events increase ridership.
   - Afternoon/Evening: Higher demand for leisure activities, especially in Manhattan and near cultural venues.

3. **Geographic Variability**: 
   - Manhattan sees increased ridership near tourist attractions.
   - Outer boroughs may have spikes due to sports events or cultural hubs.

4. **Tourists and Leisure Travelers**: 
   - More tourists and locals use the subway for non-commuting purposes.

---

### **Key Considerations**
- **Event-Driven Fluctuations**: Major events can temporarily boost ridership on specific lines.
- **MTA Adjustments**: The MTA occasionally modifies service for maintenance or special events.
- **Safety and Crowding**: While less crowded than weekdays, weekends still require attention to safety.

In summary, Saturday service is streamlined to match lower demand, with adjusted frequencies and routes, while ridership reflects a mix of commuters, leisure travelers, and event-goers."
6,Sunday,"  Here is a paraphrased version of the given content:

The New York City Subway operates with a distinct service pattern and ridership profile on Sundays compared to weekdays. The reduced demand, religious observances, and leisure activities shape the subway's Sunday service and ridership.

### **Sunday Service**

- The subway runs less frequently, with longer intervals between departures, especially during off-peak hours.
- Some lines have truncated service, with trains terminating earlier than usual.
- The first trains start later, and the last trains run until midnight, with fewer departures.
- Certain stations may close temporarily for maintenance or have limited service.

### **Sunday Ridership**

- Ridership is approximately 3.5-4 million passengers per day, significantly lower than weekday volumes but still the second-highest after Saturdays.
- Areas like the Upper East Side and Brooklyn see spikes in ridership for morning religious services.
- Manhattan's cultural districts and areas near sports venues experience higher ridership in the afternoon and evening.
- Suburban commuters rely on limited service on outer-borough lines.

### **Key Observations**

- The MTA often adjusts schedules based on demand, with some lines running express or limited service during off-peak hours.
- Sundays are a time for both religious observance and leisure, creating unique patterns of movement across the city.
- Tourists and event-goers contribute to localized spikes in ridership, particularly in Manhattan and Brooklyn.

In summary, Sunday service in the NYC Subway is streamlined to meet lower demand, with reduced frequency and truncated routes, while ridership remains robust in areas tied to religious, cultural, and recreational activities."
